{"timestamp": "2019-10-30T23:52:00+00:00", "schema": "binderhub.jupyter.org/launch", "version": 3, "provider": "GitHub", "spec": "pierpaolo28/Interactive-Widgets/master", "status": "success", "origin": "ovh.mybinder.org"}
{"timestamp": "2019-10-30T23:53:00+00:00", "schema": "binderhub.jupyter.org/launch", "version": 3, "provider": "GitHub", "spec": "ipython/ipython-in-depth/master", "status": "success", "origin": "gke.mybinder.org"}
{"timestamp": "2019-10-30T23:53:00+00:00", "schema": "binderhub.jupyter.org/launch", "version": 3, "provider": "GitHub", "spec": "ipython/ipython-in-depth/master", "status": "success", "origin": "gke.mybinder.org"}
{"timestamp": "2019-10-30T23:53:00+00:00", "schema": "binderhub.jupyter.org/launch", "version": 3, "provider": "GitHub", "spec": "jupyterlab/jupyterlab-demo/try.jupyter.org", "status": "success", "origin": "gke.mybinder.org"}
{"timestamp": "2019-10-30T23:53:00+00:00", "schema": "binderhub.jupyter.org/launch", "version": 3, "provider": "GitHub", "spec": "jupyterlab/jupyterlab-demo/try.jupyter.org", "status": "success", "origin": "gke.mybinder.org"}
{"timestamp": "2019-10-30T23:53:00+00:00", "schema": "binderhub.jupyter.org/launch", "version": 3, "provider": "GitHub", "spec": "jupyterlab/jupyterlab-demo/try.jupyter.org", "status": "success", "origin": "gke.mybinder.org"}
{"timestamp": "2019-10-30T23:53:00+00:00", "schema": "binderhub.jupyter.org/launch", "version": 3, "provider": "GitHub", "spec": "ipython/ipython-in-depth/master", "status": "success", "origin": "gke.mybinder.org"}
{"timestamp": "2019-10-30T23:53:00+00:00", "schema": "binderhub.jupyter.org/launch", "version": 3, "provider": "GitHub", "spec": "jupyterlab/jupyterlab-demo/try.jupyter.org", "status": "success", "origin": "gke.mybinder.org"}
{"timestamp": "2019-10-30T23:53:00+00:00", "schema": "binderhub.jupyter.org/launch", "version": 3, "provider": "GitHub", "spec": "will-rowe/hulk/master", "status": "success", "origin": "ovh.mybinder.org"}
{"timestamp": "2019-10-30T23:53:00+00:00", "schema": "binderhub.jupyter.org/launch", "version": 3, "provider": "GitHub", "spec": "jupyterlab/jupyterlab-demo/try.jupyter.org", "status": "success", "origin": "notebooks.gesis.org"}
{"timestamp": "2019-10-30T23:54:00+00:00", "schema": "binderhub.jupyter.org/launch", "version": 3, "provider": "GitHub", "spec": "jupyterlab/jupyterlab-demo/try.jupyter.org", "status": "success", "origin": "gke.mybinder.org"}
{"timestamp": "2019-10-30T23:54:00+00:00", "schema": "binderhub.jupyter.org/launch", "version": 3, "provider": "GitHub", "spec": "ipython/ipython-in-depth/master", "status": "success", "origin": "gke.mybinder.org"}
{"timestamp": "2019-10-30T23:54:00+00:00", "schema": "binderhub.jupyter.org/launch", "version": 3, "provider": "GitHub", "spec": "bloomberg/bqplot/master", "status": "success", "origin": "gke.mybinder.org"}
{"timestamp": "2019-10-30T23:54:00+00:00", "schema": "binderhub.jupyter.org/launch", "version": 3, "provider": "GitHub", "spec": "ipython/ipython-in-depth/master", "status": "success", "origin": "gke.mybinder.org"}
{"timestamp": "2019-10-30T23:54:00+00:00", "schema": "binderhub.jupyter.org/launch", "version": 3, "provider": "GitHub", "spec": "jupyterlab/jupyterlab-demo/master", "status": "success", "origin": "gke.mybinder.org"}
{"timestamp": "2019-10-30T23:54:00+00:00", "schema": "binderhub.jupyter.org/launch", "version": 3, "provider": "GitHub", "spec": "phys2331/magnetic_field_calculations/master", "status": "success", "origin": "gke.mybinder.org"}
{"timestamp": "2019-10-30T23:54:00+00:00", "schema": "binderhub.jupyter.org/launch", "version": 3, "provider": "GitHub", "spec": "jupyterlab/jupyterlab-demo/try.jupyter.org", "status": "success", "origin": "gke.mybinder.org"}
{"timestamp": "2019-10-30T23:54:00+00:00", "schema": "binderhub.jupyter.org/launch", "version": 3, "provider": "GitHub", "spec": "ipython/ipython-in-depth/master", "status": "success", "origin": "gke.mybinder.org"}
{"timestamp": "2019-10-30T23:54:00+00:00", "schema": "binderhub.jupyter.org/launch", "version": 3, "provider": "GitHub", "spec": "ipython/ipython-in-depth/master", "status": "success", "origin": "gke.mybinder.org"}
{"timestamp": "2019-10-30T23:54:00+00:00", "schema": "binderhub.jupyter.org/launch", "version": 3, "provider": "GitHub", "spec": "ipython/ipython-in-depth/master", "status": "success", "origin": "gke.mybinder.org"}
{"timestamp": "2019-10-30T23:54:00+00:00", "schema": "binderhub.jupyter.org/launch", "version": 3, "provider": "GitHub", "spec": "ipython/ipython-in-depth/master", "status": "success", "origin": "ovh.mybinder.org"}
{"timestamp": "2019-10-30T23:55:00+00:00", "schema": "binderhub.jupyter.org/launch", "version": 3, "provider": "GitHub", "spec": "rsorba/CompPhys3361/master", "status": "success", "origin": "gke.mybinder.org"}
{"timestamp": "2019-10-30T23:55:00+00:00", "schema": "binderhub.jupyter.org/launch", "version": 3, "provider": "GitHub", "spec": "jupyterlab/jupyterlab-demo/try.jupyter.org", "status": "success", "origin": "gke.mybinder.org"}
{"timestamp": "2019-10-30T23:55:00+00:00", "schema": "binderhub.jupyter.org/launch", "version": 3, "provider": "GitHub", "spec": "ipython/ipython-in-depth/master", "status": "success", "origin": "gke.mybinder.org"}
{"timestamp": "2019-10-30T23:55:00+00:00", "schema": "binderhub.jupyter.org/launch", "version": 3, "provider": "GitHub", "spec": "Microsoft/QuantumKatas/master", "status": "success", "origin": "gke.mybinder.org"}
{"timestamp": "2019-10-30T23:55:00+00:00", "schema": "binderhub.jupyter.org/launch", "version": 3, "provider": "GitHub", "spec": "binder-examples/requirements/master", "status": "success", "origin": "ovh.mybinder.org"}
{"timestamp": "2019-10-30T23:56:00+00:00", "schema": "binderhub.jupyter.org/launch", "version": 3, "provider": "GitHub", "spec": "ipython/ipython-in-depth/master", "status": "success", "origin": "gke.mybinder.org"}
{"timestamp": "2019-10-30T23:56:00+00:00", "schema": "binderhub.jupyter.org/launch", "version": 3, "provider": "GitHub", "spec": "jupyterlab/jupyterlab-demo/try.jupyter.org", "status": "success", "origin": "gke.mybinder.org"}
{"timestamp": "2019-10-30T23:56:00+00:00", "schema": "binderhub.jupyter.org/launch", "version": 3, "provider": "GitHub", "spec": "rsorba/CompPhys3361/master", "status": "success", "origin": "gke.mybinder.org"}
{"timestamp": "2019-10-30T23:56:00+00:00", "schema": "binderhub.jupyter.org/launch", "version": 3, "provider": "GitHub", "spec": "jupyterlab/jupyterlab-demo/try.jupyter.org", "status": "success", "origin": "gke.mybinder.org"}
{"timestamp": "2019-10-30T23:56:00+00:00", "schema": "binderhub.jupyter.org/launch", "version": 3, "provider": "GitHub", "spec": "LibreTexts/jupyter-python/master", "status": "success", "origin": "gke.mybinder.org"}
{"timestamp": "2019-10-30T23:56:00+00:00", "schema": "binderhub.jupyter.org/launch", "version": 3, "provider": "GitHub", "spec": "jupyterlab/jupyterlab-demo/try.jupyter.org", "status": "success", "origin": "gke.mybinder.org"}
{"timestamp": "2019-10-30T23:56:00+00:00", "schema": "binderhub.jupyter.org/launch", "version": 3, "provider": "GitHub", "spec": "mariobuikhuizen/ipyvuetify/master", "status": "success", "origin": "gke.mybinder.org"}
{"timestamp": "2019-10-30T23:56:00+00:00", "schema": "binderhub.jupyter.org/launch", "version": 3, "provider": "GitHub", "spec": "saint-germain/data-carpentry-workshop/master", "status": "success", "origin": "gke.mybinder.org"}
{"timestamp": "2019-10-30T23:56:00+00:00", "schema": "binderhub.jupyter.org/launch", "version": 3, "provider": "GitHub", "spec": "ines/spacy-io-binder/live", "status": "success", "origin": "ovh.mybinder.org"}
{"timestamp": "2019-10-30T23:56:00+00:00", "schema": "binderhub.jupyter.org/launch", "version": 3, "provider": "GitHub", "spec": "ipython/ipython-in-depth/master", "status": "success", "origin": "ovh.mybinder.org"}
{"timestamp": "2019-10-30T23:56:00+00:00", "schema": "binderhub.jupyter.org/launch", "version": 3, "provider": "GitHub", "spec": "Microsoft/jupyter-Kqlmagic/master", "status": "success", "origin": "ovh.mybinder.org"}
{"timestamp": "2019-10-30T23:57:00+00:00", "schema": "binderhub.jupyter.org/launch", "version": 3, "provider": "GitHub", "spec": "ipython/ipython-in-depth/master", "status": "success", "origin": "gke.mybinder.org"}
{"timestamp": "2019-10-30T23:57:00+00:00", "schema": "binderhub.jupyter.org/launch", "version": 3, "provider": "GitHub", "spec": "jupyterlab/jupyterlab-demo/try.jupyter.org", "status": "success", "origin": "gke.mybinder.org"}
{"timestamp": "2019-10-30T23:57:00+00:00", "schema": "binderhub.jupyter.org/launch", "version": 3, "provider": "GitHub", "spec": "ipython/ipython-in-depth/master", "status": "success", "origin": "gke.mybinder.org"}
{"timestamp": "2019-10-30T23:57:00+00:00", "schema": "binderhub.jupyter.org/launch", "version": 3, "provider": "GitHub", "spec": "BENGAL-TIGER/YOUcanDoThermodynamics-2019Fall/master", "status": "success", "origin": "gke.mybinder.org"}
{"timestamp": "2019-10-30T23:57:00+00:00", "schema": "binderhub.jupyter.org/launch", "version": 3, "provider": "GitHub", "spec": "ipython/ipython-in-depth/master", "status": "success", "origin": "gke.mybinder.org"}
{"timestamp": "2019-10-30T23:57:00+00:00", "schema": "binderhub.jupyter.org/launch", "version": 3, "provider": "GitHub", "spec": "QuantStack/xeus-cling/stable", "status": "success", "origin": "gke.mybinder.org"}
{"timestamp": "2019-10-30T23:57:00+00:00", "schema": "binderhub.jupyter.org/launch", "version": 3, "provider": "GitHub", "spec": "bloomberg/bqplot/0.11.x", "status": "success", "origin": "gke.mybinder.org"}
{"timestamp": "2019-10-30T23:57:00+00:00", "schema": "binderhub.jupyter.org/launch", "version": 3, "provider": "GitHub", "spec": "awconway/NUR1027-FALL-2019/binder", "status": "success", "origin": "gke.mybinder.org"}
{"timestamp": "2019-10-30T23:57:00+00:00", "schema": "binderhub.jupyter.org/launch", "version": 3, "provider": "GitHub", "spec": "DS-100/textbook/master", "status": "success", "origin": "gke.mybinder.org"}
{"timestamp": "2019-10-30T23:58:00+00:00", "schema": "binderhub.jupyter.org/launch", "version": 3, "provider": "Gist", "spec": "Tobias-K93/5d6f9a8b7de571a2248533ef327c6f8f/master", "status": "success", "origin": "gke.mybinder.org"}
{"timestamp": "2019-10-30T23:58:00+00:00", "schema": "binderhub.jupyter.org/launch", "version": 3, "provider": "GitHub", "spec": "ipython/ipython-in-depth/master", "status": "success", "origin": "gke.mybinder.org"}
{"timestamp": "2019-10-30T23:58:00+00:00", "schema": "binderhub.jupyter.org/launch", "version": 3, "provider": "GitHub", "spec": "binder-examples/demo-julia/master", "status": "success", "origin": "gke.mybinder.org"}
{"timestamp": "2019-10-30T23:58:00+00:00", "schema": "binderhub.jupyter.org/launch", "version": 3, "provider": "GitHub", "spec": "SamLau95/nbinteract-image/master", "status": "success", "origin": "ovh.mybinder.org"}
{"timestamp": "2019-10-30T23:59:00+00:00", "schema": "binderhub.jupyter.org/launch", "version": 3, "provider": "GitHub", "spec": "ipython/ipython-in-depth/master", "status": "success", "origin": "gke.mybinder.org"}
{"timestamp": "2019-10-30T23:59:00+00:00", "schema": "binderhub.jupyter.org/launch", "version": 3, "provider": "GitHub", "spec": "ines/spacy-io-binder/live", "status": "success", "origin": "gke.mybinder.org"}
{"timestamp": "2019-10-30T23:59:00+00:00", "schema": "binderhub.jupyter.org/launch", "version": 3, "provider": "GitHub", "spec": "brentnall/r-azure-notebook-intro/master", "status": "success", "origin": "gke.mybinder.org"}
{"timestamp": "2019-10-30T23:59:00+00:00", "schema": "binderhub.jupyter.org/launch", "version": 3, "provider": "GitHub", "spec": "ipython/ipython-in-depth/master", "status": "success", "origin": "gke.mybinder.org"}
{"timestamp": "2019-10-30T23:59:00+00:00", "schema": "binderhub.jupyter.org/launch", "version": 3, "provider": "GitHub", "spec": "ipython/ipython-in-depth/master", "status": "success", "origin": "gke.mybinder.org"}
{"timestamp": "2019-10-30T23:59:00+00:00", "schema": "binderhub.jupyter.org/launch", "version": 3, "provider": "GitHub", "spec": "ipython/ipython-in-depth/master", "status": "success", "origin": "gke.mybinder.org"}
{"timestamp": "2019-10-30T23:59:00+00:00", "schema": "binderhub.jupyter.org/launch", "version": 3, "provider": "GitHub", "spec": "jupyterlab/jupyterlab-demo/try.jupyter.org", "status": "success", "origin": "gke.mybinder.org"}
{"timestamp": "2019-10-30T23:59:00+00:00", "schema": "binderhub.jupyter.org/launch", "version": 3, "provider": "GitHub", "spec": "ipython/ipython-in-depth/master", "status": "success", "origin": "gke.mybinder.org"}
